index;nom_chaine;tvg_id_original;tvg_id_final;methode;groupe;logo
1;##### GENERAL FHD #####;;;unmapped;FR| FRANCE FHD;http://51.158.145.100/picons/logos/france/813293.png
2;FR| SECRET STORY FHD;;;unmapped;FR| FRANCE FHD;http://51.158.145.100/picons/logos/FRANCENEW/SECRETSTORY.png
3;FR| TF1+ STAR ACADEMY FHD;;;unmapped;FR| FRANCE FHD;http://51.158.145.100/picons/logos/france/1672766.png
4;FR| TF1 FHD;TF1.fr;TF1.fr;original;FR| FRANCE FHD;http://51.158.145.100/picons/logos/france/506638.png
5;FR| FRANCE 2 FHD;France2.fr;France2.fr;original;FR| FRANCE FHD;http://51.158.145.100/picons/logos/france/506637.png
6;FR| FRANCE 3 FHD;France3.fr;France3.fr;original;FR| FRANCE FHD;http://51.158.145.100/picons/logos/france/506636.png
7;FR| FRANCE 4 FHD;France4.fr;France4.fr;original;FR| FRANCE FHD;http://51.158.145.100/picons/logos/france/506624.png
8;FR| FRANCE 5 FHD;France5.fr;France5.fr;original;FR| FRANCE FHD;http://51.158.145.100/picons/logos/france/506634.png
9;FR| M6 FHD;M6.fr;M6.fr;original;FR| FRANCE FHD;http://51.158.145.100/picons/logos/france/506633.png
10;FR| ARTE FHD;ARTE.fr;ARTE.fr;original;FR| FRANCE FHD;http://51.158.145.100/picons/logos/france/506632.png
11;FR| W9 FHD;W9.fr;W9.fr;original;FR| FRANCE FHD;http://51.158.145.100/picons/logos/france/506629.png
12;FR| NRJ 12 FHD;NRJ12.fr;NRJ12.fr;original;FR| FRANCE FHD;http://51.158.145.100/picons/logos/france/506626.png
13;FR| TFX FHD;TFX.fr;TFX.fr;original;FR| FRANCE FHD;http://51.158.145.100/picons/logos/france/506627.png
14;FR| TF1 SÉRIES FILMS FHD;TF1SeriesFilms.fr;TF1SeriesFilms.fr;original;FR| FRANCE FHD;http://51.158.145.100/picons/logos/france/506620.png
15;FR| 6TER FHD;6ter.fr;6ter.fr;original;FR| FRANCE FHD;http://51.158.145.100/picons/logos/france/506618.png
16;FR| T18 FHD;C8.fr;C8.fr;original;FR| FRANCE FHD;http://51.158.145.100/picons/logos/france/1907942.png
17;FR| TMC FHD;TMC.fr;TMC.fr;original;FR| FRANCE FHD;http://51.158.145.100/picons/logos/france/506628.png
18;FR| CHÉRIE 25 FHD;Cherie25.fr;Cherie25.fr;original;FR| FRANCE FHD;http://51.158.145.100/picons/logos/france/506615.png
19;FR| MYSTÈRE FHD;;;unmapped;FR| FRANCE FHD;http://51.158.145.100/picons/logos/france/1507794.png
20;FR| TALK SPORT FHD;;;unmapped;FR| FRANCE FHD;http://51.158.145.100/picons/logos/france/1507792.png
21;##### INFOS FHD #####;;;unmapped;FR| FRANCE FHD;http://51.158.145.100/picons/logos/france/814575.png
22;FR| LA CHAINE METEO FHD;LaChaineMeteo.fr;LaChaineMeteo.fr;original;FR| FRANCE FHD;http://51.158.145.100/picons/logos/france/506660.png
23;FR| FRANCE INFO FHD;FranceInfo.fr;FranceInfo.fr;original;FR| FRANCE FHD;http://51.158.145.100/picons/logos/france/506613.png
24;FR| C NEWS FHD;CNews.fr;CNews.fr;original;FR| FRANCE FHD;http://51.158.145.100/picons/logos/france/506622.png
25;FR| TV5MONDE FHD;;TV5MondeEurope.fr;manual_alias;FR| FRANCE FHD;http://51.158.145.100/picons/logos/france/506567.png
26;FR| LCI FHD;LCI.fr;LCI.fr;original;FR| FRANCE FHD;http://51.158.145.100/picons/logos/france/506614.png
27;FR| LCP 100% FHD;LaChaineParlementaire.fr;LaChaineParlementaire.fr;original;FR| FRANCE FHD;http://51.158.145.100/picons/logos/france/506625.png
28;FR| FRANCE 24 FHD;France24.fr;France24.fr;original;FR| FRANCE FHD;http://51.158.145.100/picons/logos/france/506483.png
29;FR| I24 NEWS FHD;I24News.fr;I24News.fr;original;FR| FRANCE FHD;http://51.158.145.100/picons/logos/france/506486.png
30;FR| BFMTV FHD;BFMTV.fr;BFMTV.fr;original;FR| FRANCE FHD;http://51.158.145.100/picons/logos/france/506623.png
31;FR| BFM BUSINESS FHD;BFMBusiness.fr;BFMBusiness.fr;original;FR| FRANCE FHD;http://51.158.145.100/picons/logos/france/506487.png
32;FR| BFM PARIS FHD;BFMParis.fr;BFMParis.fr;original;FR| FRANCE FHD;http://51.158.145.100/picons/logos/france/506489.png
33;FR| BFM LYON MÉTROPOLE FHD;BFMLyon.fr;BFMLyon.fr;original;FR| FRANCE FHD;http://51.158.145.100/picons/logos/france/506488.png
34;FR| BFM MARSEILLE FHD;BFMMarseille.fr;BFMMarseille.fr;original;FR| FRANCE FHD;http://51.158.145.100/picons/logos/france/1010106.png
35;##### RMC SPORT FHD #####;;;unmapped;FR| FRANCE FHD;http://51.158.145.100/picons/logos/france/814556.png
36;FR| RMC TALK SPORT FHD;;;unmapped;FR| FRANCE FHD;http://51.158.145.100/picons/logos/france/1624639.png
37;FR| RMC SPORT 1 FHD;RMCSport1.fr;RMCSport1.fr;original;FR| FRANCE FHD;http://51.158.145.100/picons/logos/france/506549.png
38;FR| RMC SPORT 2 FHD;RMCSport2.fr;RMCSport2.fr;original;FR| FRANCE FHD;http://51.158.145.100/picons/logos/france/506548.png
39;FR| BEIN SPORTS 1 FHD;BeinSports1.fr;BeinSports1.fr;original;FR| FRANCE FHD;http://51.158.145.100/picons/logos/france/506552.png
40;FR| BEIN SPORTS 2 FHD;BeinSports2.fr;BeinSports2.fr;original;FR| FRANCE FHD;http://51.158.145.100/picons/logos/france/506551.png
41;FR| BEIN SPORTS 3 FHD;BeinSports3.fr;BeinSports3.fr;original;FR| FRANCE FHD;http://51.158.145.100/picons/logos/france/506550.png
42;FR| BEIN SPORTS MAX 4 FHD;Bein4Max.fr;Bein4Max.fr;original;FR| FRANCE FHD;http://51.158.145.100/picons/logos/france/506653.png
43;FR| BEIN SPORTS MAX 5 FHD;Bein5Max.fr;Bein5Max.fr;original;FR| FRANCE FHD;http://51.158.145.100/picons/logos/france/506654.png
44;FR| BEIN SPORTS MAX 6 FHD;Bein6Max.fr;Bein6Max.fr;original;FR| FRANCE FHD;http://51.158.145.100/picons/logos/france/506655.png
45;FR| BEIN SPORTS MAX 7 FHD;Bein7Max.fr;Bein7Max.fr;original;FR| FRANCE FHD;http://51.158.145.100/picons/logos/france/506656.png
46;FR| BEIN SPORTS MAX 8 FHD;Bein8Max.fr;Bein8Max.fr;original;FR| FRANCE FHD;http://51.158.145.100/picons/logos/france/506657.png
47;FR| BEIN SPORTS MAX 9 FHD;Bein9Max.fr;Bein9Max.fr;original;FR| FRANCE FHD;http://51.158.145.100/picons/logos/france/506658.png
48;FR| BEIN SPORTS MAX 10 FHD;Bein10Max.fr;Bein10Max.fr;original;FR| FRANCE FHD;http://51.158.145.100/picons/logos/france/506652.png
49;##### SPORTS FHD #####;;;unmapped;FR| FRANCE FHD;http://51.158.145.100/picons/logos/france/814559.png
50;FR| L'EQUIPE FHD;;LEquipe21.fr;variant_match;FR| FRANCE FHD;http://51.158.145.100/picons/logos/france/506619.png
51;FR| L'EQUIPE 1 FHD;;LEquipe.fr;manual_prefix;FR| FRANCE FHD;http://51.158.145.100/picons/logos/france/1457242.png
52;FR| L'EQUIPE 2 FHD;;LEquipe.fr;manual_prefix;FR| FRANCE FHD;http://51.158.145.100/picons/logos/france/1457241.png
53;FR| EUROSPORT 1 FHD;Eurosport1.fr;Eurosport1.fr;original;FR| FRANCE FHD;http://51.158.145.100/picons/logos/france/506559.png
54;FR| EUROSPORT 2 FHD;Eurosport2.fr;Eurosport2.fr;original;FR| FRANCE FHD;http://51.158.145.100/picons/logos/france/506560.png
55;FR| FOOT+ FHD;FootPlus24.fr;FootPlus24.fr;original;FR| FRANCE FHD;http://51.158.145.100/picons/logos/france/506539.png
56;FR| INFOSPORT+ FHD;InfosportPlus.fr;InfosportPlus.fr;original;FR| FRANCE FHD;http://51.158.145.100/picons/logos/france/506562.png
57;FR| EQUIDIA FHD;Equidia.fr;Equidia.fr;original;FR| FRANCE FHD;http://51.158.145.100/picons/logos/france/506543.png
58;FR| SPORT EN FRANCE FHD;SportEnFrance.fr;SportEnFrance.fr;original;FR| FRANCE FHD;http://51.158.145.100/picons/logos/france/506536.png
59;FR| AUTOMOTO LA CHAINE FHD;Automoto.fr;Automoto.fr;original;FR| FRANCE FHD;http://51.158.145.100/picons/logos/france/506545.png
60;FR| GOLF+ FHD;GolfPlus.fr;GolfPlus.fr;original;FR| FRANCE FHD;http://51.158.145.100/picons/logos/france/506541.png
61;FR| ES1 FHD;;;unmapped;FR| FRANCE FHD;http://51.158.145.100/picons/logos/france/506563.png
62;FR| TRACE SPORT STARS FHD;TraceSportStars.fr;TraceSportStars.fr;original;FR| FRANCE FHD;http://51.158.145.100/picons/logos/france/506537.png
63;##### CANAL+ FHD #####;;CanalPlus.fr;variant_match;FR| FRANCE FHD;http://51.158.145.100/picons/logos/france/813311.png
64;FR| CANAL+ BOX OFFICE FHD;;CanalPlus.fr;manual_prefix;FR| FRANCE FHD;http://51.158.145.100/picons/logos/france/1338522.png
65;FR| CANAL+ FHD;CanalPlus.fr;CanalPlus.fr;original;FR| FRANCE FHD;http://51.158.145.100/picons/logos/france/506635.png
66;FR| CANAL+ FOOT FHD;CanalPlusFoot.fr;CanalPlusFoot.fr;original;FR| FRANCE FHD;http://51.158.145.100/picons/logos/france/1002837.png
67;FR| CANAL+ 360 FHD;CanalPlusSport360.fr;CanalPlusSport360.fr;original;FR| FRANCE FHD;http://51.158.145.100/picons/logos/france/1002841.png
68;FR| CANAL+ CINEMA FHD;CanalPlusCinema.fr;CanalPlusCinema.fr;original;FR| FRANCE FHD;http://51.158.145.100/picons/logos/france/506612.png
69;FR| CANAL+ KIDS FHD;;CanalPlusKids.fr;variant_match;FR| FRANCE FHD;http://51.158.145.100/picons/logos/france/506611.png
70;FR| CANAL+ GRAND ECRAN FHD;CanalPlusGrandEcran.fr;CanalPlusGrandEcran.fr;original;FR| FRANCE FHD;http://51.158.145.100/picons/logos/france/863794.png
71;FR| CANAL+ BOX OFFICE FHD;;CanalPlus.fr;manual_prefix;FR| FRANCE FHD;http://51.158.145.100/picons/logos/france/876361.png
72;FR| CANAL+ KIDS FHD;CanalPlusKids.fr;CanalPlusKids.fr;original;FR| FRANCE FHD;http://51.158.145.100/picons/logos/france/830359.png
73;FR| CANAL+ DOC FHD;CanalPlusDocs.fr;CanalPlusDocs.fr;original;FR| FRANCE FHD;http://51.158.145.100/picons/logos/france/830357.png
74;FR| CANAL+ SPORT FHD;CanalPlusSport.fr;CanalPlusSport.fr;original;FR| FRANCE FHD;http://51.158.145.100/picons/logos/france/506557.png
75;FR| CANAL+ PREMIER LEAGUE FHD;CanalPlusPremierLeague.fr;CanalPlusPremierLeague.fr;original;FR| FRANCE FHD;http://51.158.145.100/picons/logos/france/506556.png
76;##### CINEMA FHD #####;;;unmapped;FR| FRANCE FHD;http://51.158.145.100/picons/logos/france/813320.png
77;FR| OCS FHD;OCS.fr;OCS;manual;FR| FRANCE FHD;http://51.158.145.100/picons/logos/france/506607.png
78;FR| CINE+ FRISSON FHD;CinePlusFrisson.fr;CinePlusFrisson.fr;original;FR| FRANCE FHD;http://51.158.145.100/picons/logos/france/506606.png
79;FR| CINE+ EMOTION FHD;CinePlusEmotion.fr;CinePlusEmotion.fr;original;FR| FRANCE FHD;http://51.158.145.100/picons/logos/france/506604.png
80;FR| CINE+ FAMILY FHD;CinePlusFamiz.fr;CinePlusFamiz.fr;original;FR| FRANCE FHD;http://51.158.145.100/picons/logos/france/506605.png
81;FR| CINE+ FESTIVAL FHD;;CinePlusClub.fr;variant_match;FR| FRANCE FHD;http://51.158.145.100/picons/logos/france/506603.png
82;FR| CINE+ CLASSIC FHD;CinePlusClassic.fr;CinePlusClassic.fr;original;FR| FRANCE FHD;http://51.158.145.100/picons/logos/france/506602.png
83;FR| CINE WESTERN FHD;;;unmapped;FR| FRANCE FHD;http://51.158.145.100/picons/logos/france/1908963.png
84;FR| WARNER TV FHD;WarnerTV.fr;WarnerTV.fr;original;FR| FRANCE FHD;http://51.158.145.100/picons/logos/france/506586.png
85;FR| NOVELAS FHD;NovelasTV.fr;NovelasTV.fr;original;FR| FRANCE FHD;http://51.158.145.100/picons/logos/france/506581.png
86;FR| POLAR+ FHD;;Polar.fr;variant_match;FR| FRANCE FHD;http://51.158.145.100/picons/logos/france/506587.png
87;FR| CRIME DISTRICT FHD;CrimeDistrict.fr;CrimeDistrict.fr;original;FR| FRANCE FHD;http://51.158.145.100/picons/logos/france/506569.png
88;FR| PARAMOUNT FHD;;;unmapped;FR| FRANCE FHD;http://51.158.145.100/picons/logos/france/506595.png
89;FR| PARAMOUNT DÉCALÉ FHD;;;unmapped;FR| FRANCE FHD;http://51.158.145.100/picons/logos/france/506594.png
90;FR| TCM CINÉMA FHD;TCM.fr;TCM.fr;original;FR| FRANCE FHD;http://51.158.145.100/picons/logos/france/506596.png
91;FR| ACTION FHD;Action.fr;Action.fr;original;FR| FRANCE FHD;http://51.158.145.100/picons/logos/france/506593.png
92;FR| MyCANAL 1 FHD;;;unmapped;FR| FRANCE FHD;http://51.158.145.100/picons/logos/france/1052096.png
93;FR| MyCANAL 2 FHD;;;unmapped;FR| FRANCE FHD;http://51.158.145.100/picons/logos/france/1052095.png
94;FR| MyCANAL 3 FHD;;;unmapped;FR| FRANCE FHD;http://51.158.145.100/picons/logos/france/1052094.png
95;FR| MyCANAL 4 FHD;;;unmapped;FR| FRANCE FHD;http://51.158.145.100/picons/logos/france/1052093.png
96;FR| MyCANAL 5 FHD;;;unmapped;FR| FRANCE FHD;http://51.158.145.100/picons/logos/france/1052092.png
97;##### DIVERTISSEMENT FHD #####;;;unmapped;FR| FRANCE FHD;http://51.158.145.100/picons/logos/france/814506.png
98;FR| STAND UP FHD;;;unmapped;FR| FRANCE FHD;http://51.158.145.100/picons/logos/france/1062649.png
99;FR| COMEDIE+ FHD;ComediePlus.fr;ComediePlus.fr;original;FR| FRANCE FHD;http://51.158.145.100/picons/logos/france/506588.png
100;FR| E! FHD;EEntertainment.fr;EEntertainment.fr;original;FR| FRANCE FHD;http://51.158.145.100/picons/logos/france/506583.png
101;FR| SYFY FHD;Syfy.fr;Syfy.fr;original;FR| FRANCE FHD;http://51.158.145.100/picons/logos/france/506570.png
102;FR| 13EME RUE FHD;;13Rue.fr;variant_match;FR| FRANCE FHD;http://51.158.145.100/picons/logos/france/506591.png
103;FR| RTL 9 FHD;;;unmapped;FR| FRANCE FHD;http://51.158.145.100/picons/logos/france/506571.png
104;FR| SERIE CLUB FHD;SerieClub.fr;SerieClub.fr;original;FR| FRANCE FHD;http://51.158.145.100/picons/logos/france/506585.png
105;FR| TÉVA FHD;Teva.fr;Teva.fr;original;FR| FRANCE FHD;http://51.158.145.100/picons/logos/france/506573.png
106;FR| AB1 FHD;AB1.fr;AB1.fr;original;FR| FRANCE FHD;http://51.158.145.100/picons/logos/france/506576.png
107;FR| TV BREIZH FHD;TvBreizh.fr;TvBreizh.fr;original;FR| FRANCE FHD;http://51.158.145.100/picons/logos/france/506574.png
108;FR| PARIS PREMIÈRE FHD;ParisPremiere.fr;ParisPremiere.fr;original;FR| FRANCE FHD;http://51.158.145.100/picons/logos/france/506572.png
109;FR| OLYMPIA FHD;OlympiaTv.fr;OlympiaTv.fr;original;FR| FRANCE FHD;http://51.158.145.100/picons/logos/france/506589.png
110;FR| BET FHD;BET.fr;BET.fr;original;FR| FRANCE FHD;http://51.158.145.100/picons/logos/france/506568.png
111;FR| MUSEUM FHD;Museum.fr;Museum.fr;original;FR| FRANCE FHD;http://51.158.145.100/picons/logos/france/506530.png
112;FR| LUXE TV FHD;;;unmapped;FR| FRANCE FHD;http://51.158.145.100/picons/logos/france/506564.png
113;FR| COMEDY CENTRAL FHD;ComedyCentral.fr;ComedyCentral.fr;original;FR| FRANCE FHD;http://51.158.145.100/picons/logos/france/506566.png
114;FR| MARMITON TV FHD;;;unmapped;FR| FRANCE FHD;http://51.158.145.100/picons/logos/france/506565.png
115;##### DECOUVERTE FHD #####;;;unmapped;FR| FRANCE FHD;http://51.158.145.100/picons/logos/france/814560.png
116;FR| PLANETE+ FHD;PlanetePlus.fr;PlanetePlus.fr;original;FR| FRANCE FHD;http://51.158.145.100/picons/logos/france/506535.png
117;FR| PLANETE+ CI FHD;;PlanetePlus.fr;manual_prefix;FR| FRANCE FHD;http://51.158.145.100/picons/logos/france/506533.png
118;FR| PLANETE+ A&E FHD;;PlanetePlus.fr;manual_prefix;FR| FRANCE FHD;http://51.158.145.100/picons/logos/france/506534.png
119;FR| NATIONAL GEO FHD;NationalGeographic.fr;NationalGeographic.fr;original;FR| FRANCE FHD;http://51.158.145.100/picons/logos/france/506529.png
120;FR| NAT GEO WILD FHD;NatGeoWild.fr;NatGeoWild.fr;original;FR| FRANCE FHD;http://51.158.145.100/picons/logos/france/506528.png
121;FR| DISCOVERY ID FHD;DiscoveryInvestigation.fr;DiscoveryInvestigation.fr;original;FR| FRANCE FHD;http://51.158.145.100/picons/logos/france/506517.png
122;FR| DISCOVERY CHANNEL FHD;DiscoveryChannel.fr;DiscoveryChannel.fr;original;FR| FRANCE FHD;http://51.158.145.100/picons/logos/france/506519.png
123;FR| MCM POP;;MCM.fr;manual_prefix;FR| FRANCE FHD;http://51.158.145.100/picons/logos/PORTUGANEW/MCMPOP.png
124;FR| RMC MYSTÈRE FHD;;;unmapped;FR| FRANCE FHD;http://51.158.145.100/picons/logos/france/1624784.png
125;FR| RMC WOW FHD;;;unmapped;FR| FRANCE FHD;http://51.158.145.100/picons/logos/france/1624750.png
126;FR| RMC MECANIC FHD;;;unmapped;FR| FRANCE FHD;http://51.158.145.100/picons/logos/france/1624711.png
127;FR| RMC STORY FHD;RMCStory.fr;RMCStory.fr;original;FR| FRANCE FHD;http://51.158.145.100/picons/logos/france/506617.png
128;FR| TLC FHD;;;unmapped;FR| FRANCE FHD;http://51.158.145.100/picons/logos/france/506518.png
129;FR| SEASONS FHD;Seasons.fr;Seasons.fr;original;FR| FRANCE FHD;http://51.158.145.100/picons/logos/france/506522.png
130;FR| TREK FHD;Trek.fr;Trek.fr;original;FR| FRANCE FHD;http://51.158.145.100/picons/logos/france/667909.png
131;FR| HISTOIRE TV FHD;Histoire.fr;Histoire.fr;original;FR| FRANCE FHD;http://51.158.145.100/picons/logos/france/506526.png
132;FR| TOUTE L'HISTOIRE FHD;TouteHistoire.fr;TouteHistoire.fr;original;FR| FRANCE FHD;http://51.158.145.100/picons/logos/france/506525.png
133;FR| SCIENCE ET VIE TV FHD;ScienceAndVie.fr;ScienceAndVie.fr;original;FR| FRANCE FHD;http://51.158.145.100/picons/logos/france/506524.png
134;FR| RMC DÉCOUVERTE FHD;RMCdecouverte.fr;RMCdecouverte.fr;original;FR| FRANCE FHD;http://51.158.145.100/picons/logos/france/506616.png
135;FR| ANIMAUX FHD;Animaux.fr;Animaux.fr;original;FR| FRANCE FHD;http://51.158.145.100/picons/logos/france/506523.png
136;FR| USHUAÏA TV FHD;UshuaiaTV.fr;UshuaiaTV.fr;original;FR| FRANCE FHD;http://51.158.145.100/picons/logos/france/506527.png
137;FR| CHASSE ET PÊCHE FHD;ChassePeche.fr;ChassePeche.fr;original;FR| FRANCE FHD;http://51.158.145.100/picons/logos/france/506521.png
138;FR| TV8 MONT BLANC FHD;;;unmapped;FR| FRANCE FHD;http://51.158.145.100/picons/logos/FRANCENEW/TV8MONTBLANC.png
139;FR| NAUTICAL CHANNEL FHD;;;unmapped;FR| FRANCE FHD;http://51.158.145.100/picons/logos/france/506520.png
140;##### ENFANTS FHD #####;;;unmapped;FR| FRANCE FHD;http://51.158.145.100/picons/logos/france/814561.png
141;FR| TV PITCHOUN FHD;;;unmapped;FR| FRANCE FHD;http://51.158.145.100/picons/logos/france/506499.png
142;FR| WARNER TV NEXT FHD;Toonami.fr;Toonami.fr;original;FR| FRANCE FHD;http://51.158.145.100/picons/logos/france/506505.png
143;FR| DISNEY CHANNEL FHD;DisneyChannel.fr;DisneyChannel.fr;original;FR| FRANCE FHD;http://51.158.145.100/picons/logos/france/506514.png
144;FR| DISNEY JUNIOR FHD;DisneyJunior.fr;DisneyJunior.fr;original;FR| FRANCE FHD;http://51.158.145.100/picons/logos/france/506515.png
145;FR| NICKELODEON FHD;Nickelodeon.fr;Nickelodeon.fr;original;FR| FRANCE FHD;http://51.158.145.100/picons/logos/france/506512.png
146;FR| NICKELODÉON +1 FHD;;NickelodeonFrance.fr;manual_prefix;FR| FRANCE FHD;http://51.158.145.100/picons/logos/france/506509.png
147;FR| NICKELODEON JUNIOR FHD;NickJr.fr;NickJr.fr;original;FR| FRANCE FHD;http://51.158.145.100/picons/logos/france/506510.png
148;FR| NICKELODEON TEEN FHD;Nickelodeon.fr;Nickelodeon.fr;original;FR| FRANCE FHD;http://51.158.145.100/picons/logos/france/506511.png
149;FR| PIWI+ FHD;PIWI.fr;PIWI.fr;original;FR| FRANCE FHD;http://51.158.145.100/picons/logos/france/506513.png
150;FR| CARTOON NETWORK FHD;CartoonNetwork.fr;CartoonNetwork.fr;original;FR| FRANCE FHD;http://51.158.145.100/picons/logos/france/647111.png
151;FR| BOOMERANG FHD;Boomerang.fr;Boomerang.fr;original;FR| FRANCE FHD;http://51.158.145.100/picons/logos/france/506509.png
152;FR| CLUBBING TV;Boing.fr;Boing.fr;original;FR| FRANCE FHD;http://51.158.145.100/picons/logos/france/506507.png
153;FR| TELETOON+ FHD;;;unmapped;FR| FRANCE FHD;http://51.158.145.100/picons/logos/france/506504.png
154;FR| GULLI FHD;Gulli.fr;Gulli.fr;original;FR| FRANCE FHD;http://51.158.145.100/picons/logos/france/506501.png
155;FR| CANAL J FHD;CanalJ.fr;CanalJ.fr;original;FR| FRANCE FHD;http://51.158.145.100/picons/logos/france/506506.png
156;FR| TIJI FHD;Tiji.fr;Tiji.fr;original;FR| FRANCE FHD;http://51.158.145.100/picons/logos/france/506502.png
157;FR| MANGAS FHD;Mangas.fr;Mangas.fr;original;FR| FRANCE FHD;http://51.158.145.100/picons/logos/france/506577.png
158;FR| J-ONE FHD;JONE.fr;JONE.fr;original;FR| FRANCE FHD;http://51.158.145.100/picons/logos/france/506578.png
159;##### MUSIQUE FHD #####;;;unmapped;FR| FRANCE FHD;http://51.158.145.100/picons/logos/france/814562.png
160;FR| M6 MUSIC FHD;M6Music.fr;M6Music.fr;original;FR| FRANCE FHD;http://51.158.145.100/picons/logos/france/506496.png
161;FR| NRJ HITS FHD;NRJHits.fr;NRJHits.fr;original;FR| FRANCE FHD;http://51.158.145.100/picons/logos/france/506498.png
162;FR| MCM FHD;MCM.fr;MCM.fr;original;FR| FRANCE FHD;http://51.158.145.100/picons/logos/france/506580.png
163;FR| MTV FHD;MTV.fr;MTV.fr;original;FR| FRANCE FHD;http://51.158.145.100/picons/logos/france/506584.png
164;FR| MTV HITS FHD;MTVHitsFrance.fr;MTVHitsFrance.fr;original;FR| FRANCE FHD;http://51.158.145.100/picons/logos/france/506497.png
165;FR| MELODY FHD;Melody.fr;Melody.fr;original;FR| FRANCE FHD;http://51.158.145.100/picons/logos/france/506492.png
166;FR| CSTAR FHD;CStar.fr;CStar.fr;original;FR| FRANCE FHD;http://51.158.145.100/picons/logos/france/506621.png
167;FR| TRACE URBAN FHD;TraceUrban.fr;TraceUrban.fr;original;FR| FRANCE FHD;http://51.158.145.100/picons/logos/france/506495.png
168;FR| TRACE LATINA FHD;TraceLatina.fr;TraceLatina.fr;original;FR| FRANCE FHD;http://51.158.145.100/picons/logos/france/506494.png
169;FR| TRACE CARIBBEAN FHD;TraceCaribbean.fr;TraceCaribbean.fr;original;FR| FRANCE FHD;http://51.158.145.100/picons/logos/france/506493.png
170;FR| RFM TV FHD;RFMTV.fr;RFMTV.fr;original;FR| FRANCE FHD;http://51.158.145.100/picons/logos/france/551807.png
171;FR| MEZZO FHD;Mezzo.fr;Mezzo.fr;original;FR| FRANCE FHD;http://51.158.145.100/picons/logos/france/506490.png
172;FR| MEZZO LIVE HD FHD;MezzoLive.fr;MezzoLive.fr;original;FR| FRANCE FHD;http://51.158.145.100/picons/logos/france/506491.png
173;FR| DJAZZ FHD;StingrayDjazz.fr;StingrayDjazz.fr;original;FR| FRANCE FHD;http://51.158.145.100/picons/logos/france/506661.png
174;##### GENERAL HD #####;;;unmapped;FR| FRANCE HD;http://51.158.145.100/picons/logos/france/814565.png
175;FR| SECRET STORY HD;;;unmapped;FR| FRANCE HD;http://51.158.145.100/picons/logos/FRANCENEW/SECRETSTORY.png
176;FR| TF1+ STAR ACADEMY HD;;;unmapped;FR| FRANCE HD;http://51.158.145.100/picons/logos/france/1672769.png
177;FR| TF1 +1 HD;;TF1.fr;manual_prefix;FR| FRANCE HD;http://51.158.145.100/picons/logos/france/1757130.png
178;FR| TF1 HD;TF1.fr;TF1.fr;original;FR| FRANCE HD;http://51.158.145.100/picons/logos/france/507471.png
179;FR| FRANCE 2 HD;France2.fr;France2.fr;original;FR| FRANCE HD;http://51.158.145.100/picons/logos/france/507470.png
180;FR| FRANCE 3 HD;France3.fr;France3.fr;original;FR| FRANCE HD;http://51.158.145.100/picons/logos/france/507469.png
181;FR| FRANCE 4 HD;France4.fr;France4.fr;original;FR| FRANCE HD;http://51.158.145.100/picons/logos/france/507458.png
182;FR| FRANCE 5 HD;France5.fr;France5.fr;original;FR| FRANCE HD;http://51.158.145.100/picons/logos/france/507467.png
183;FR| M6 HD;M6.fr;M6.fr;original;FR| FRANCE HD;http://51.158.145.100/picons/logos/france/507466.png
184;FR| ARTE HD;ARTE.fr;ARTE.fr;original;FR| FRANCE HD;http://51.158.145.100/picons/logos/france/507465.png
185;FR| W9 HD;W9.fr;W9.fr;original;FR| FRANCE HD;http://51.158.145.100/picons/logos/france/507463.png
186;FR| NRJ 12 HD;NRJ12.fr;NRJ12.fr;original;FR| FRANCE HD;http://51.158.145.100/picons/logos/france/507460.png
187;FR| TFX HD;TFX.fr;TFX.fr;original;FR| FRANCE HD;http://51.158.145.100/picons/logos/france/507461.png
188;FR| 6 TER HD;6ter.fr;6ter.fr;original;FR| FRANCE HD;http://51.158.145.100/picons/logos/france/507452.png
189;FR| TF1 SERIES HD;TF1SeriesFilms.fr;TF1SeriesFilms.fr;original;FR| FRANCE HD;http://51.158.145.100/picons/logos/france/507454.png
190;FR| T18 HD;C8.fr;C8.fr;original;FR| FRANCE HD;http://51.158.145.100/picons/logos/france/507464.png
191;FR| TMC HD;TMC.fr;TMC.fr;original;FR| FRANCE HD;http://51.158.145.100/picons/logos/france/507462.png
192;FR| TMC +1 HD;TMC.fr;TMC.fr;original;FR| FRANCE HD;http://51.158.145.100/picons/logos/france/1757132.png
193;FR| CHERIE 25 HD;Cherie25.fr;Cherie25.fr;original;FR| FRANCE HD;http://51.158.145.100/picons/logos/france/507448.png
194;FR| TECH&ECO;;;unmapped;FR| FRANCE HD;http://51.158.145.100/picons/logos/france/1612940.png
195;FR| MONACO TV HD;;;unmapped;FR| FRANCE HD;http://51.158.145.100/picons/logos/france/999388.png
196;FR| MONACO INFO HD;;;unmapped;FR| FRANCE HD;http://51.158.145.100/picons/logos/france/1887532.png
197;FR| NOVO 19 HD;;;unmapped;FR| FRANCE HD;http://51.158.145.100/picons/logos/france/NOVO19.png
198;##### INFOS HD #####;;;unmapped;FR| FRANCE HD;http://51.158.145.100/picons/logos/france/814887.png
199;FR| LA CHAINE METEO HD;LaChaineMeteo.fr;LaChaineMeteo.fr;original;FR| FRANCE HD;http://51.158.145.100/picons/logos/france/507284.png
200;FR| FRANCE INFO HD;FranceInfo.fr;FranceInfo.fr;original;FR| FRANCE HD;http://51.158.145.100/picons/logos/france/507442.png
201;FR| FRANCE 24 HD;France24.fr;France24.fr;original;FR| FRANCE HD;http://51.158.145.100/picons/logos/france/1069902.png
202;FR| EURONEWS HD;Euronews.fr;Euronews.fr;original;FR| FRANCE HD;http://51.158.145.100/picons/logos/logos/509342.png
203;FR| EURONEWS EN DIRECT HD;;;unmapped;FR| FRANCE HD;http://51.158.145.100/picons/logos/france/889010.png
204;FR| C NEWS HD;CNews.fr;CNews.fr;original;FR| FRANCE HD;http://51.158.145.100/picons/logos/france/507456.png
205;FR| TV5 MONDE HD;TV5Monde.fr;TV5Monde.fr;original;FR| FRANCE HD;http://51.158.145.100/picons/logos/france/507400.png
206;FR| BFM TV HD;BFMTV.fr;BFMTV.fr;original;FR| FRANCE HD;http://51.158.145.100/picons/logos/france/507457.png
207;FR| BUSINESS HD;BFMBusiness.fr;BFMBusiness.fr;original;FR| FRANCE HD;http://51.158.145.100/picons/logos/france/507281.png
208;FR| BFM ALSACE HD;;;unmapped;FR| FRANCE HD;http://51.158.145.100/picons/logos/france/981214.png
209;FR| BFM PARIS HD;BFMParis.fr;BFMParis.fr;original;FR| FRANCE HD;http://51.158.145.100/picons/logos/france/507282.png
210;FR| BFMLYON HD;;;unmapped;FR| FRANCE HD;http://51.158.145.100/picons/logos/france/507280.png
211;FR| BFM LILLE;;;unmapped;FR| FRANCE HD;http://51.158.145.100/picons/logos/france/856727.png
212;FR| LCI HD;LCI.fr;LCI.fr;original;FR| FRANCE HD;http://51.158.145.100/picons/logos/france/507447.png
213;FR| LCP HD;LaChaineParlementaire.fr;LaChaineParlementaire.fr;original;FR| FRANCE HD;http://51.158.145.100/picons/logos/france/507459.png
214;FR| RTS UN HD;;;unmapped;FR| FRANCE HD;http://51.158.145.100/picons/logos/france/507446.png
215;FR| RTS DEUX HD;;;unmapped;FR| FRANCE HD;http://51.158.145.100/picons/logos/france/507445.png
216;FR| I24 NEWS HD;I24News.fr;I24News.fr;original;FR| FRANCE HD;http://51.158.145.100/picons/logos/france/507283.png
217;##### CANAL+ HD #####;;CanalPlus.fr;variant_match;FR| FRANCE HD;http://51.158.145.100/picons/logos/france/814566.png
218;FR| CANAL+ HD;CanalPlus.fr;CanalPlus.fr;original;FR| FRANCE HD;http://51.158.145.100/picons/logos/france/507468.png
219;FR| CANAL+ CINEMA HD;CanalPlusCinema.fr;CanalPlusCinema.fr;original;FR| FRANCE HD;http://51.158.145.100/picons/logos/france/507441.png
220;FR| CANAL+ KIDS HD;CanalPlusFamily.fr;CanalPlusFamily.fr;original;FR| FRANCE HD;http://51.158.145.100/picons/logos/france/507439.png
221;FR| CANAL+ BOX OFFICE HD;;CanalPlus.fr;manual_prefix;FR| FRANCE HD;http://51.158.145.100/picons/logos/france/1070167.png
222;FR| CANAL+ GRAND ECRAN HD;CanalPlusGrandEcran.fr;CanalPlusGrandEcran.fr;original;FR| FRANCE HD;http://51.158.145.100/picons/logos/france/863798.png
223;FR| CANAL+ KIDS HD;CanalPlusKids.fr;CanalPlusKids.fr;original;FR| FRANCE HD;http://51.158.145.100/picons/logos/france/719107.png
224;FR| CANAL+ SPORT HD;CanalPlusSport360.fr;CanalPlusSport360.fr;original;FR| FRANCE HD;http://51.158.145.100/picons/logos/france/507437.png
225;FR| CANAL+ FOOT HD;CanalPlusFoot.fr;CanalPlusFoot.fr;original;FR| FRANCE HD;http://51.158.145.100/picons/logos/france/1206556.png
226;FR| CANAL+ 360 HD;CanalPlusSport360.fr;CanalPlusSport360.fr;original;FR| FRANCE HD;http://51.158.145.100/picons/logos/france/1206555.png
227;FR| CANAL+ PL HD;CanalPlusPremierLeague.fr;CanalPlusPremierLeague.fr;original;FR| FRANCE HD;http://51.158.145.100/picons/logos/france/507394.png
228;##### CINEMA HD #####;;;unmapped;FR| FRANCE HD;http://51.158.145.100/picons/logos/france/814567.png
229;FR| CINE+ FRISSON HD;CinePlusFrisson.fr;CinePlusFrisson.fr;original;FR| FRANCE HD;http://51.158.145.100/picons/logos/france/507434.png
230;FR| CINE+ EMOTION HD;CinePlusEmotion.fr;CinePlusEmotion.fr;original;FR| FRANCE HD;http://51.158.145.100/picons/logos/france/507435.png
231;FR| CINE+ FESTIVAL HD;CinePlusClub.fr;CinePlusClub.fr;original;FR| FRANCE HD;http://51.158.145.100/picons/logos/france/507433.png
232;FR| CINE+ CLASSIC HD;CinePlusClassic.fr;CinePlusClassic.fr;original;FR| FRANCE HD;http://51.158.145.100/picons/logos/france/533033.png
233;FR| CINE+ FESTIVAL HD;;CinePlusClub.fr;variant_match;FR| FRANCE HD;http://51.158.145.100/picons/logos/france/1581691.png
234;FR| CINE+ FESTIVAL FHD;;CinePlusClub.fr;variant_match;FR| FRANCE FHD;http://51.158.145.100/picons/logos/france/1581693.png
235;FR| CINE+ FAMILY HD;CinePlusFamiz.fr;CinePlusFamiz.fr;original;FR| FRANCE HD;http://51.158.145.100/picons/logos/france/1070168.png
236;FR| OCS HD;;;unmapped;FR| FRANCE HD;http://51.158.145.100/picons/logos/france/1581641.png
237;FR| OCS HD;;;unmapped;FR| FRANCE HD;http://51.158.145.100/picons/logos/france/507436.png
238;FR| WARNER TV HD;WarnerTV.fr;WarnerTV.fr;original;FR| FRANCE HD;http://51.158.145.100/picons/logos/france/507418.png
239;FR| NOVELAS HD;NovelasTV.fr;NovelasTV.fr;original;FR| FRANCE HD;http://51.158.145.100/picons/logos/france/507414.png
240;FR| POLAR+ HD;Polar.fr;Polar.fr;original;FR| FRANCE HD;http://51.158.145.100/picons/logos/france/507419.png
241;FR| PARAMOUNT CHANNEL HD;ParamountChannel.fr;ParamountChannel.fr;original;FR| FRANCE HD;http://51.158.145.100/picons/logos/france/507426.png
242;FR| PARAMOUNT DECALE HD;;;unmapped;FR| FRANCE HD;http://51.158.145.100/picons/logos/france/507425.png
243;FR| TCM CINEMA HD;TCM.fr;TCM.fr;original;FR| FRANCE HD;http://51.158.145.100/picons/logos/france/507427.png
244;FR| ACTION HD;Action.fr;Action.fr;original;FR| FRANCE HD;http://51.158.145.100/picons/logos/france/507424.png
245;FR| E! ENTERTAINMENT HD;EEntertainment.fr;EEntertainment.fr;original;FR| FRANCE HD;http://51.158.145.100/picons/logos/france/507415.png
246;FR| TEVA HD;Teva.fr;Teva.fr;original;FR| FRANCE HD;http://51.158.145.100/picons/logos/france/507407.png
247;FR| RUNTIME HD;;;unmapped;FR| FRANCE HD;http://51.158.145.100/picons/logos/france/889036.png
248;##### DIVERTISSEMENT HD #####;;;unmapped;FR| FRANCE HD;http://51.158.145.100/picons/logos/france/814577.png
249;FR| COMEDIE+ HD;ComediePlus.fr;ComediePlus.fr;original;FR| FRANCE HD;http://51.158.145.100/picons/logos/france/507420.png
250;FR| SYFY HD;Syfy.fr;Syfy.fr;original;FR| FRANCE HD;http://51.158.145.100/picons/logos/france/507404.png
251;FR| 13EME RUE HD;13Rue.fr;13Rue.fr;original;FR| FRANCE HD;http://51.158.145.100/picons/logos/france/507422.png
252;FR| RTL 9 HD;;;unmapped;FR| FRANCE HD;http://51.158.145.100/picons/logos/france/507405.png
253;FR| AB1 HD;AB1.fr;AB1.fr;original;FR| FRANCE HD;http://51.158.145.100/picons/logos/france/507409.png
254;FR| AB3 HD;;;unmapped;FR| FRANCE HD;http://51.158.145.100/picons/logos/france/507443.png
255;FR| SERIE CLUB HD;SerieClub.fr;SerieClub.fr;original;FR| FRANCE HD;http://51.158.145.100/picons/logos/france/507417.png
256;FR| TV BREIZH HD;TvBreizh.fr;TvBreizh.fr;original;FR| FRANCE HD;http://51.158.145.100/picons/logos/france/507408.png
257;FR| PARIS PREMIERE HD;ParisPremiere.fr;ParisPremiere.fr;original;FR| FRANCE HD;http://51.158.145.100/picons/logos/france/507406.png
258;FR| KTO HD;KTO.fr;KTO.fr;original;FR| FRANCE HD;http://51.158.145.100/picons/logos/france/507285.png
259;FR| BET HD;BET.fr;BET.fr;original;FR| FRANCE HD;http://51.158.145.100/picons/logos/france/507402.png
260;FR| LUCKY JACK HD;;;unmapped;FR| FRANCE HD;http://51.158.145.100/picons/logos/france/507398.png
261;FR| LUXE TV HD;;;unmapped;FR| FRANCE HD;http://51.158.145.100/picons/logos/france/507401.png
262;FR| COMEDY CENTRAL HD;ComedyCentral.fr;ComedyCentral.fr;original;FR| FRANCE HD;http://51.158.145.100/picons/logos/france/165705.png
263;FR| FASHION TV HD;;;unmapped;FR| FRANCE HD;http://51.158.145.100/picons/logos/france/889028.png
264;FR| MYZEN FIT HD;;;unmapped;FR| FRANCE HD;http://51.158.145.100/picons/logos/france/889025.png
265;FR| CHEFCLUB TV HD;;;unmapped;FR| FRANCE HD;http://51.158.145.100/picons/logos/france/889024.png
266;FR| MUSEUM TV FAST HD;;;unmapped;FR| FRANCE HD;http://51.158.145.100/picons/logos/france/889020.png
267;FR| ANIMAUX HD;Animaux.fr;Animaux.fr;original;FR| FRANCE HD;http://51.158.145.100/picons/logos/france/1206559.png
268;FR| SEASONS HD;Seasons.fr;Seasons.fr;original;FR| FRANCE HD;http://51.158.145.100/picons/logos/france/1206558.png
269;FR| MUSEUM HD;Museum.fr;Museum.fr;original;FR| FRANCE HD;http://51.158.145.100/picons/logos/france/1206557.png
270;##### RMC SPORT HD #####;;;unmapped;FR| FRANCE HD;http://51.158.145.100/picons/logos/france/814579.png
271;FR| RMC TALK SPORT HD;;;unmapped;FR| FRANCE HD;http://51.158.145.100/picons/logos/france/1624661.png
272;FR| RMC SPORT 1 HD;RMCSport1.fr;RMCSport1.fr;original;FR| FRANCE HD;http://51.158.145.100/picons/logos/france/507383.png
273;FR| RMC SPORT 2 HD;RMCSport2.fr;RMCSport2.fr;original;FR| FRANCE HD;http://51.158.145.100/picons/logos/france/507382.png
274;##### BIEN SPORT HD #####;;;unmapped;FR| FRANCE HD;http://51.158.145.100/picons/logos/france/814580.png
275;FR| BEIN SPORTS 1 HD;BeinSports1.fr;BeinSports1.fr;original;FR| FRANCE HD;http://51.158.145.100/picons/logos/france/507386.png
276;FR| BEIN SPORTS 2 HD;BeinSports2.fr;BeinSports2.fr;original;FR| FRANCE HD;http://51.158.145.100/picons/logos/france/507385.png
277;FR| BEIN SPORTS 3 HD;BeinSports3.fr;BeinSports3.fr;original;FR| FRANCE HD;http://51.158.145.100/picons/logos/france/507384.png
278;FR| BEIN SPORTS MAX 4 HD;;Bein4Max.fr;variant_match;FR| FRANCE HD;http://51.158.145.100/picons/logos/france/507371.png
279;FR| BEIN SPORTS MAX 5 HD;;Bein5Max.fr;variant_match;FR| FRANCE HD;http://51.158.145.100/picons/logos/france/507370.png
280;FR| BEIN SPORTS MAX 6 HD;;Bein6Max.fr;variant_match;FR| FRANCE HD;http://51.158.145.100/picons/logos/france/507369.png
281;FR| BEIN SPORTS MAX 7 HD;;Bein7Max.fr;variant_match;FR| FRANCE HD;http://51.158.145.100/picons/logos/france/507368.png
282;FR| BEIN SPORTS MAX 8 HD;;Bein8Max.fr;variant_match;FR| FRANCE HD;http://51.158.145.100/picons/logos/france/507367.png
283;FR| BEIN SPORTS MAX 9 HD;;Bein9Max.fr;variant_match;FR| FRANCE HD;http://51.158.145.100/picons/logos/france/507366.png
284;FR| BEIN SPORTS MAX 10 HD;;Bein10Max.fr;variant_match;FR| FRANCE HD;http://51.158.145.100/picons/logos/france/507365.png
285;##### SPORTS HD #####;;;unmapped;FR| FRANCE HD;http://51.158.145.100/picons/logos/france/814581.png
286;FR| L'EQUIPE HD;LEquipe21.fr;LEquipe21.fr;original;FR| FRANCE HD;http://51.158.145.100/picons/logos/france/507453.png
287;FR| EUROSPORT 1 HD;Eurosport1.fr;Eurosport1.fr;original;FR| FRANCE HD;http://51.158.145.100/picons/logos/france/507388.png
288;FR| EUROSPORT 2 HD;Eurosport2.fr;Eurosport2.fr;original;FR| FRANCE HD;http://51.158.145.100/picons/logos/france/507387.png
289;FR| EUROSPORT 360 1 HD;Eurosport3601.fr;Eurosport3601.fr;original;FR| FRANCE HD;http://51.158.145.100/picons/logos/france/507346.png
290;FR| FOOT+ 24/24 HD;FootPlus24.fr;FootPlus24.fr;original;FR| FRANCE HD;http://51.158.145.100/picons/logos/france/507374.png
291;FR| INFOSPORT+ HD;InfosportPlus.fr;InfosportPlus.fr;original;FR| FRANCE HD;http://51.158.145.100/picons/logos/france/507396.png
292;FR| OL TV HD;OLTV.fr;OLTV.fr;original;FR| FRANCE HD;http://51.158.145.100/picons/logos/france/507379.png
293;FR| EQUIDIA HD;Equidia.fr;Equidia.fr;original;FR| FRANCE HD;http://51.158.145.100/picons/logos/france/507377.png
294;FR| SPORT EN FRANCE HD;SportEnFrance.fr;SportEnFrance.fr;original;FR| FRANCE HD;http://51.158.145.100/picons/logos/france/507389.png
295;FR| AUTOMOTO LA CHAINE HD;AutoPlus.fr;AutoPlus.fr;original;FR| FRANCE HD;http://51.158.145.100/picons/logos/france/507378.png
296;FR| GOLF+ HD;GolfPlus.fr;GolfPlus.fr;original;FR| FRANCE HD;http://51.158.145.100/picons/logos/france/507376.png
297;FR| GOLF CHANNEL HD;Golf.fr;Golf.fr;original;FR| FRANCE HD;http://51.158.145.100/picons/logos/france/507375.png
298;FR| ES1 HD;;;unmapped;FR| FRANCE HD;http://51.158.145.100/picons/logos/france/507397.png
299;FR| TRACE SPORTS HD;;;unmapped;FR| FRANCE HD;http://51.158.145.100/picons/logos/france/507390.png
